attacker_signer,count
8oKVwqA5S2B7g2Li6yqZ4KKghpER8G1vj3bbeg8dFkSw,7
9XUWb3unwaGczFkEJAZiQd2xaZmm6NK68G775JEn2kaZ,7
AE861PyrYJXm2TuxiMc8Ecwo4YYgAHfcYum3GWpSRFe3,7
ATQs6A92eUzdxTBsQhRJxxJDpgYDTGvLnU4e5mMEfY3k,7
AgmLJBMDCqWynYnQiPCuj9ewsNNsBJXyzoUhD9LJzN51,7
CatyeC3LgBxub7HcpW2n7cZZZ66CUKdcZ8DzHucHrSiP,7
FbgR9632h4rvPciZzCHRGNrEaQM9bC2cGgAikJ8HUfS1,7
GraZ9wjJVEGMQsyz3BwkkRdkJFmDrZw6Bnj3yzciwFEC,7
J8hVkBNKobntWqLspa3yhXEkvb8vZ9S9NiHgirN9yvV3,7
TAPNDP5dFr9Vp47DFuddRxNVYmjUqgh8boiUrWFgMqi,7
YubQzu18FDqJRyNfG8JqHmsdbxhnoQqcKUHBdUkN6tP,7
o721S2ZPSjJTEC9B5HgXdqZFPVq1avjKzRfZpTKjV9g,7
1989zAmZBwkwR6g8S3H8gkDhHRm3P11gpurN7faJqDu,6
1aTFUD4BJL3CXAK5NSgDJVR99nVpQrK1BqD5SGSix23,6
2EZWAWuv9e4pgcxPZRMmEffDH8q45S573gu5pDRp72HT,6
2dRR9CaNrEsHm3UqZacEf8AoDuDx4NGQyMhGxG71NzkN,6
2svZLkuBny8diCa9kApRsHEgtPPtDo7aKasLUyPqUrDd,6
3ccqanQ7s9T7usEaPh6DcESrjW3MphhwEtDHKNmSxR23,6
3xb1APhYyenJhoq6Kpjetps9rsmS8kJAGhXVBHaDyWmL,6
4i3kFLZuutG5fvjg5wvq15n4NPpj12wXCRMyP7TcZbNj,6
